apbusiness	bbcbusiness
apbusiness	business
apbusiness	businessinsider
apbusiness	bw
apbusiness	cnnbusiness
apbusiness	fastcompany
apbusiness	financialtimes
apbusiness	forbes
apbusiness	foxbusiness
apbusiness	ft
apbusiness	ftfinancenews
apbusiness	markets
apbusiness	marketwatch
apbusiness	nasdaq
apbusiness	nbcnewsbusiness
apbusiness	nytimesbusiness
apbusiness	reutersbiz
apbusiness	thestreet
apbusiness	usatodaymoney
apbusiness	wsj
apbusiness	wsjbusiness
apbusiness	wsjecon
apbusiness	yahoofinance
bbcworldbiz	bbcbusiness
business	bbcbusiness
business	businessinsider
business	bw
business	cnnbusiness
business	financialtimes
business	forbes
business	foxbusiness
business	ft
business	harvardbiz
business	markets
business	marketwatch
business	nytimesbusiness
business	reutersbiz
business	wsj
businessdesk	bbcbusiness
businessdesk	business
businessdesk	businessinsider
businessdesk	cnnbusiness
businessdesk	fastcompany
businessdesk	financialtimes
businessdesk	forbes
businessdesk	ft
businessdesk	ftfinancenews
businessdesk	harvardbiz
businessdesk	irishtimesbiz
businessdesk	marketwatch
businessdesk	nasdaq
businessdesk	nbcnewsbusiness
businessdesk	nytimesbusiness
businessdesk	reutersbiz
businessdesk	telebusiness
businessdesk	usatodaymoney
businessdesk	wsj
businessdesk	wsjbusiness
businessdesk	wsjecon
businessinsider	business
businessinsider	bw
businessinsider	cnnbusiness
businessinsider	financialtimes
businessinsider	forbes
businessinsider	nasdaq
businessinsider	nytimesbusiness
businessinsider	wsj
businessinsider	yahoofinance
bw	business
bw	businessinsider
bw	ft
bw	markets
bw	reutersbiz
bw	wsj
cnnbusiness	bbcbusiness
cnnbusiness	business
cnnbusiness	businessinsider
cnnbusiness	fastcompany
cnnbusiness	ftfinancenews
cnnbusiness	harvardbiz
cnnbusiness	nasdaq
cnnbusiness	usatodaymoney
cnnbusiness	wsj
cnnbusiness	yahoofinance
entrepreneur	bbcbusiness
entrepreneur	foxbusiness
entrepreneur	harvardbiz
entrepreneur	nbcnewsbusiness
entrepreneur	nytimesbusiness
fastcompany	bw
fastcompany	cnnbusiness
fastcompany	financialtimes
fastcompany	forbes
fastcompany	ft
fastcompany	harvardbiz
fastcompany	nytimesbusiness
financialtimes	bbcbusiness
financialtimes	business
financialtimes	businessdesk
financialtimes	businessinsider
financialtimes	cnnbusiness
financialtimes	fastcompany
financialtimes	forbes
financialtimes	ft
financialtimes	ftfinancenews
financialtimes	marketwatch
financialtimes	nasdaq
financialtimes	nbcnewsbusiness
financialtimes	nytimesbusiness
financialtimes	reutersbiz
financialtimes	usatodaymoney
financialtimes	wsj
financialtimes	wsjbusiness
financialtimes	wsjecon
forbes	business
forbes	bw
forbes	fastcompany
forbes	foxbusiness
forbes	harvardbiz
forbes	nasdaq
forbes	thestreet
forbes	wsj
foxbusiness	apbusiness
foxbusiness	business
foxbusiness	entrepreneur
foxbusiness	forbes
foxbusiness	marketwatch
foxbusiness	reutersbiz
foxbusiness	thestreet
foxbusiness	wsj
foxbusiness	wsjecon
ft	bbcbusiness
ft	business
ft	businessdesk
ft	bw
ft	cnnbusiness
ft	fastcompany
ft	financialtimes
ft	forbes
ft	ftfinancenews
ft	harvardbiz
ft	marketwatch
ft	nasdaq
ft	nbcnewsbusiness
ft	nytimesbusiness
ft	reutersbiz
ft	usatodaymoney
ft	wsj
ft	wsjbusiness
ft	wsjecon
ftfinancenews	financialtimes
ftfinancenews	ft
indobusiness	ft
irishtimesbiz	businessdesk
irishtimesbiz	fastcompany
irishtimesbiz	ft
irishtimesbiz	harvardbiz
irishtimesbiz	indobusiness
irishtimesbiz	nytimesbusiness
markets	business
markets	bw
markets	telebusiness
marketwatch	wsj
marketwatch	wsjbusiness
nasdaq	apbusiness
nasdaq	bbcbusiness
nasdaq	business
nasdaq	businessdesk
nasdaq	businessinsider
nasdaq	bw
nasdaq	cnnbusiness
nasdaq	entrepreneur
nasdaq	fastcompany
nasdaq	financialtimes
nasdaq	forbes
nasdaq	foxbusiness
nasdaq	ft
nasdaq	ftfinancenews
nasdaq	harvardbiz
nasdaq	markets
nasdaq	marketwatch
nasdaq	nbcnewsbusiness
nasdaq	nytimesbusiness
nasdaq	reutersbiz
nasdaq	thestreet
nasdaq	usatodaymoney
nasdaq	wsj
nasdaq	wsjbusiness
nasdaq	wsjecon
nasdaq	yahoofinance
nbcnewsbusiness	apbusiness
nbcnewsbusiness	bbcbusiness
nbcnewsbusiness	business
nbcnewsbusiness	businessinsider
nbcnewsbusiness	bw
nbcnewsbusiness	cnnbusiness
nbcnewsbusiness	entrepreneur
nbcnewsbusiness	fastcompany
nbcnewsbusiness	financialtimes
nbcnewsbusiness	forbes
nbcnewsbusiness	ft
nbcnewsbusiness	harvardbiz
nbcnewsbusiness	marketwatch
nbcnewsbusiness	nasdaq
nbcnewsbusiness	nytimesbusiness
nbcnewsbusiness	reutersbiz
nbcnewsbusiness	reutersmoney
nbcnewsbusiness	usatodaymoney
nbcnewsbusiness	wsj
nbcnewsbusiness	wsjbusiness
nbcnewsbusiness	yahoofinance
nytimesbusiness	business
nytimesbusiness	businessinsider
nytimesbusiness	cnnbusiness
nytimesbusiness	forbes
nytimesbusiness	ft
nytimesbusiness	harvardbiz
nytimesbusiness	nbcnewsbusiness
nytimesbusiness	reutersbiz
nytimesbusiness	thestreet
nytimesbusiness	usatodaymoney
nytimesbusiness	wsj
nytimesbusiness	yahoofinance
reutersbiz	financialtimes
reutersbiz	ft
reutersbiz	reutersmoney
reutersmoney	business
reutersmoney	bw
reutersmoney	cnnbusiness
reutersmoney	financialtimes
reutersmoney	forbes
reutersmoney	ft
reutersmoney	marketwatch
reutersmoney	nasdaq
reutersmoney	reutersbiz
reutersmoney	usatodaymoney
reutersmoney	wsj
reutersmoney	wsjecon
reutersmoney	yahoofinance
telebusiness	bbcbusiness
telebusiness	business
telebusiness	businessdesk
telebusiness	businessinsider
telebusiness	bw
telebusiness	cnnbusiness
telebusiness	financialtimes
telebusiness	forbes
telebusiness	foxbusiness
telebusiness	ft
telebusiness	ftfinancenews
telebusiness	marketwatch
telebusiness	nbcnewsbusiness
telebusiness	nytimesbusiness
telebusiness	reutersbiz
telebusiness	usatodaymoney
telebusiness	wsj
telebusiness	wsjbusiness
telebusiness	wsjecon
telebusiness	yahoofinanceuk
thestreet	bw
thestreet	forbes
thestreet	foxbusiness
thestreet	nasdaq
thestreet	nytimesbusiness
thestreet	reutersbiz
thestreet	usatodaymoney
thestreet	yahoofinance
usatodaymoney	bbcbusiness
usatodaymoney	business
usatodaymoney	businessinsider
usatodaymoney	bw
usatodaymoney	cnnbusiness
usatodaymoney	fastcompany
usatodaymoney	financialtimes
usatodaymoney	forbes
usatodaymoney	ft
usatodaymoney	ftfinancenews
usatodaymoney	harvardbiz
usatodaymoney	marketwatch
usatodaymoney	nasdaq
usatodaymoney	nbcnewsbusiness
usatodaymoney	nytimesbusiness
usatodaymoney	reutersbiz
usatodaymoney	reutersmoney
usatodaymoney	thestreet
usatodaymoney	wsj
usatodaymoney	wsjbusiness
usatodaymoney	wsjecon
usatodaymoney	yahoofinance
wsj	marketwatch
wsj	wsjbusiness
wsj	wsjecon
wsjbusiness	harvardbiz
wsjbusiness	wsj
wsjbusiness	wsjecon
wsjecon	wsj
wsjecon	wsjbusiness
yahoofinance	business
yahoofinance	nasdaq
yahoofinance	nytimesbusiness
yahoofinance	reutersmoney
yahoofinance	usatodaymoney
yahoofinance	yahoofinanceuk
yahoofinanceuk	bbcbusiness
yahoofinanceuk	ft
yahoofinanceuk	ftfinancenews
yahoofinanceuk	telebusiness
yahoofinanceuk	yahoofinance
